{
  "swagger": "2.0",
  "info": {
    "title": "NTO Customer Database API",
    "description": "A simple API to retrieve information from Northern Trail Outfitters’ customer database",
    "version": "1.0.0"
  },
  "host": "api.samplebaseuri.com",
  "schemes": [
    "http",
    "https"
  ],
  "paths": {
    "/customers": {
      "get": {
        "operationId": "Get list of customers",
        "produces": [
          "application/json"
        ],
        "responses": {
          "200": {
            "description": "",
            "x-amf-mediaType": "application/json",
            "schema": {
              "type": "array",
              "items": {
                "$ref": "#/definitions/contact"
              }
            }
          }
        }
      }
    },
    "/customers/{customerId}": {
      "get": {
        "operationId": "Get customer by ID",
        "consumes": [
          "application/json"
        ],
        "produces": [
          "application/json"
        ],
        "parameters": [
          {
            "name": "customerId",
            "required": true,
            "in": "path",
            "type": "string"
          }
        ],
        "responses": {
          "200": {
            "description": "",
            "x-amf-mediaType": "application/json",
            "schema": {
              "$ref": "#/definitions/contact"
            }
          }
        }
      }
    }
  },
  "definitions": {
    "contact": {
      "description": "Contact data type",
      "example": {
        "strict": true,
        "value": {
          "firstName": "Danny",
          "lastName": "Brookshire",
          "phone": "123-412-3412",
          "email": "danny.brookshire@example.com",
          "deliveryAddress": {
            "street": "44 Shirley Ave.",
            "city": "West Chicago",
            "postalCode": "60185",
            "state": "IL",
            "country": "USA"
          },
          "postalAddress": {
            "street": "44 Shirley Ave.",
            "city": "West Chicago",
            "postalCode": "60185",
            "state": "IL",
            "country": "USA"
          }
        }
      },
      "type": "object",
      "additionalProperties": true,
      "required": [
        "lastName",
        "postalAddress"
      ],
      "properties": {
        "firstName": {
          "example": "Example",
          "type": "string"
        },
        "lastName": {
          "example": "Example",
          "type": "string"
        },
        "Phone": {
          "example": "Example",
          "type": "string"
        },
        "email": {
          "example": "Example",
          "type": "string"
        },
        "deliveryAddress": {
          "$ref": "#/definitions/Address"
        },
        "postalAddress": {
          "$ref": "#/definitions/Address"
        }
      }
    },
    "Address": {
      "description": "Address data type",
      "example": {
        "strict": true,
        "value": {
          "street": "44 Shirley Ave.",
          "city": "West Chicago",
          "postalCode": "60185",
          "state": "IL",
          "country": "USA"
        }
      },
      "type": "object",
      "additionalProperties": true,
      "properties": {
        "street": {
          "example": "Example",
          "type": "string"
        },
        "city": {
          "example": "Example",
          "type": "string"
        },
        "postalCode": {
          "example": "Example",
          "type": "string"
        },
        "state": {
          "example": "Example",
          "type": "string"
        },
        "country": {
          "example": "Example",
          "type": "string"
        }
      }
    }
  }
}
